vendedor_id,nombre,telefono,email
1,Vendedor 1,900200300001,vendedor1@example.com
2,Vendedor 2,900200300002,vendedor2@example.com
3,Vendedor 3,900200300003,vendedor3@example.com
4,Vendedor 4,900200300004,vendedor4@example.com
5,Vendedor 5,900200300005,vendedor5@example.com
6,Vendedor 6,900200300006,vendedor6@example.com
7,Vendedor 7,900200300007,vendedor7@example.com
8,Vendedor 8,900200300008,vendedor8@example.com
9,Vendedor 9,900200300009,vendedor9@example.com
10,Vendedor 10,900200300010,vendedor10@example.com
11,Vendedor 11,900200300011,vendedor11@example.com
12,Vendedor 12,900200300012,vendedor12@example.com
13,Vendedor 13,900200300013,vendedor13@example.com
14,Vendedor 14,900200300014,vendedor14@example.com
15,Vendedor 15,900200300015,vendedor15@example.com
16,Vendedor 16,900200300016,vendedor16@example.com
17,Vendedor 17,900200300017,vendedor17@example.com
18,Vendedor 18,900200300018,vendedor18@example.com
19,Vendedor 19,900200300019,vendedor19@example.com
20,Vendedor 20,900200300020,vendedor20@example.com
21,Vendedor 21,900200300021,vendedor21@example.com
22,Vendedor 22,900200300022,vendedor22@example.com
23,Vendedor 23,900200300023,vendedor23@example.com
24,Vendedor 24,900200300024,vendedor24@example.com
25,Vendedor 25,900200300025,vendedor25@example.com
26,Vendedor 26,900200300026,vendedor26@example.com
27,Vendedor 27,900200300027,vendedor27@example.com
28,Vendedor 28,900200300028,vendedor28@example.com
29,Vendedor 29,900200300029,vendedor29@example.com
30,Vendedor 30,900200300030,vendedor30@example.com
31,Vendedor 31,900200300031,vendedor31@example.com
32,Vendedor 32,900200300032,vendedor32@example.com
33,Vendedor 33,900200300033,vendedor33@example.com
34,Vendedor 34,900200300034,vendedor34@example.com
35,Vendedor 35,900200300035,vendedor35@example.com
36,Vendedor 36,900200300036,vendedor36@example.com
37,Vendedor 37,900200300037,vendedor37@example.com
38,Vendedor 38,900200300038,vendedor38@example.com
39,Vendedor 39,900200300039,vendedor39@example.com
40,Vendedor 40,900200300040,vendedor40@example.com
41,Vendedor 41,900200300041,vendedor41@example.com
42,Vendedor 42,900200300042,vendedor42@example.com
43,Vendedor 43,900200300043,vendedor43@example.com
44,Vendedor 44,900200300044,vendedor44@example.com
45,Vendedor 45,900200300045,vendedor45@example.com
46,Vendedor 46,900200300046,vendedor46@example.com
47,Vendedor 47,900200300047,vendedor47@example.com
48,Vendedor 48,900200300048,vendedor48@example.com
49,Vendedor 49,900200300049,vendedor49@example.com
50,Vendedor 50,900200300050,vendedor50@example.com
51,Vendedor 51,900200300051,vendedor51@example.com
52,Vendedor 52,900200300052,vendedor52@example.com
53,Vendedor 53,900200300053,vendedor53@example.com
54,Vendedor 54,900200300054,vendedor54@example.com
55,Vendedor 55,900200300055,vendedor55@example.com
56,Vendedor 56,900200300056,vendedor56@example.com
57,Vendedor 57,900200300057,vendedor57@example.com
58,Vendedor 58,900200300058,vendedor58@example.com
59,Vendedor 59,900200300059,vendedor59@example.com
60,Vendedor 60,900200300060,vendedor60@example.com
61,Vendedor 61,900200300061,vendedor61@example.com
62,Vendedor 62,900200300062,vendedor62@example.com
63,Vendedor 63,900200300063,vendedor63@example.com
64,Vendedor 64,900200300064,vendedor64@example.com
65,Vendedor 65,900200300065,vendedor65@example.com
66,Vendedor 66,900200300066,vendedor66@example.com
67,Vendedor 67,900200300067,vendedor67@example.com
68,Vendedor 68,900200300068,vendedor68@example.com
69,Vendedor 69,900200300069,vendedor69@example.com
70,Vendedor 70,900200300070,vendedor70@example.com
71,Vendedor 71,900200300071,vendedor71@example.com
72,Vendedor 72,900200300072,vendedor72@example.com
73,Vendedor 73,900200300073,vendedor73@example.com
74,Vendedor 74,900200300074,vendedor74@example.com
75,Vendedor 75,900200300075,vendedor75@example.com
76,Vendedor 76,900200300076,vendedor76@example.com
77,Vendedor 77,900200300077,vendedor77@example.com
78,Vendedor 78,900200300078,vendedor78@example.com
79,Vendedor 79,900200300079,vendedor79@example.com
80,Vendedor 80,900200300080,vendedor80@example.com
81,Vendedor 81,900200300081,vendedor81@example.com
82,Vendedor 82,900200300082,vendedor82@example.com
83,Vendedor 83,900200300083,vendedor83@example.com
84,Vendedor 84,900200300084,vendedor84@example.com
85,Vendedor 85,900200300085,vendedor85@example.com
86,Vendedor 86,900200300086,vendedor86@example.com
87,Vendedor 87,900200300087,vendedor87@example.com
88,Vendedor 88,900200300088,vendedor88@example.com
89,Vendedor 89,900200300089,vendedor89@example.com
90,Vendedor 90,900200300090,vendedor90@example.com
91,Vendedor 91,900200300091,vendedor91@example.com
92,Vendedor 92,900200300092,vendedor92@example.com
93,Vendedor 93,900200300093,vendedor93@example.com
94,Vendedor 94,900200300094,vendedor94@example.com
95,Vendedor 95,900200300095,vendedor95@example.com
96,Vendedor 96,900200300096,vendedor96@example.com
97,Vendedor 97,900200300097,vendedor97@example.com
98,Vendedor 98,900200300098,vendedor98@example.com
99,Vendedor 99,900200300099,vendedor99@example.com
100,Vendedor 100,900200300100,vendedor100@example.com
101,Vendedor 101,900200300101,vendedor101@example.com
102,Vendedor 102,900200300102,vendedor102@example.com
103,Vendedor 103,900200300103,vendedor103@example.com
104,Vendedor 104,900200300104,vendedor104@example.com
105,Vendedor 105,900200300105,vendedor105@example.com
106,Vendedor 106,900200300106,vendedor106@example.com
107,Vendedor 107,900200300107,vendedor107@example.com
108,Vendedor 108,900200300108,vendedor108@example.com
109,Vendedor 109,900200300109,vendedor109@example.com
110,Vendedor 110,900200300110,vendedor110@example.com
111,Vendedor 111,900200300111,vendedor111@example.com
112,Vendedor 112,900200300112,vendedor112@example.com
113,Vendedor 113,900200300113,vendedor113@example.com
114,Vendedor 114,900200300114,vendedor114@example.com
115,Vendedor 115,900200300115,vendedor115@example.com
116,Vendedor 116,900200300116,vendedor116@example.com
117,Vendedor 117,900200300117,vendedor117@example.com
118,Vendedor 118,900200300118,vendedor118@example.com
119,Vendedor 119,900200300119,vendedor119@example.com
120,Vendedor 120,900200300120,vendedor120@example.com
121,Vendedor 121,900200300121,vendedor121@example.com
122,Vendedor 122,900200300122,vendedor122@example.com
123,Vendedor 123,900200300123,vendedor123@example.com
124,Vendedor 124,900200300124,vendedor124@example.com
125,Vendedor 125,900200300125,vendedor125@example.com
126,Vendedor 126,900200300126,vendedor126@example.com
127,Vendedor 127,900200300127,vendedor127@example.com
128,Vendedor 128,900200300128,vendedor128@example.com
129,Vendedor 129,900200300129,vendedor129@example.com
130,Vendedor 130,900200300130,vendedor130@example.com
131,Vendedor 131,900200300131,vendedor131@example.com
132,Vendedor 132,900200300132,vendedor132@example.com
133,Vendedor 133,900200300133,vendedor133@example.com
134,Vendedor 134,900200300134,vendedor134@example.com
135,Vendedor 135,900200300135,vendedor135@example.com
136,Vendedor 136,900200300136,vendedor136@example.com
137,Vendedor 137,900200300137,vendedor137@example.com
138,Vendedor 138,900200300138,vendedor138@example.com
139,Vendedor 139,900200300139,vendedor139@example.com
140,Vendedor 140,900200300140,vendedor140@example.com
141,Vendedor 141,900200300141,vendedor141@example.com
142,Vendedor 142,900200300142,vendedor142@example.com
143,Vendedor 143,900200300143,vendedor143@example.com
144,Vendedor 144,900200300144,vendedor144@example.com
145,Vendedor 145,900200300145,vendedor145@example.com
146,Vendedor 146,900200300146,vendedor146@example.com
147,Vendedor 147,900200300147,vendedor147@example.com
148,Vendedor 148,900200300148,vendedor148@example.com
149,Vendedor 149,900200300149,vendedor149@example.com
150,Vendedor 150,900200300150,vendedor150@example.com
151,Vendedor 151,900200300151,vendedor151@example.com
152,Vendedor 152,900200300152,vendedor152@example.com
153,Vendedor 153,900200300153,vendedor153@example.com
154,Vendedor 154,900200300154,vendedor154@example.com
155,Vendedor 155,900200300155,vendedor155@example.com
156,Vendedor 156,900200300156,vendedor156@example.com
157,Vendedor 157,900200300157,vendedor157@example.com
158,Vendedor 158,900200300158,vendedor158@example.com
159,Vendedor 159,900200300159,vendedor159@example.com
160,Vendedor 160,900200300160,vendedor160@example.com
161,Vendedor 161,900200300161,vendedor161@example.com
162,Vendedor 162,900200300162,vendedor162@example.com
163,Vendedor 163,900200300163,vendedor163@example.com
164,Vendedor 164,900200300164,vendedor164@example.com
165,Vendedor 165,900200300165,vendedor165@example.com
166,Vendedor 166,900200300166,vendedor166@example.com
167,Vendedor 167,900200300167,vendedor167@example.com
168,Vendedor 168,900200300168,vendedor168@example.com
169,Vendedor 169,900200300169,vendedor169@example.com
170,Vendedor 170,900200300170,vendedor170@example.com
171,Vendedor 171,900200300171,vendedor171@example.com
172,Vendedor 172,900200300172,vendedor172@example.com
173,Vendedor 173,900200300173,vendedor173@example.com
174,Vendedor 174,900200300174,vendedor174@example.com
175,Vendedor 175,900200300175,vendedor175@example.com
176,Vendedor 176,900200300176,vendedor176@example.com
177,Vendedor 177,900200300177,vendedor177@example.com
178,Vendedor 178,900200300178,vendedor178@example.com
179,Vendedor 179,900200300179,vendedor179@example.com
180,Vendedor 180,900200300180,vendedor180@example.com
181,Vendedor 181,900200300181,vendedor181@example.com
182,Vendedor 182,900200300182,vendedor182@example.com
183,Vendedor 183,900200300183,vendedor183@example.com
184,Vendedor 184,900200300184,vendedor184@example.com
185,Vendedor 185,900200300185,vendedor185@example.com
186,Vendedor 186,900200300186,vendedor186@example.com
187,Vendedor 187,900200300187,vendedor187@example.com
188,Vendedor 188,900200300188,vendedor188@example.com
189,Vendedor 189,900200300189,vendedor189@example.com
190,Vendedor 190,900200300190,vendedor190@example.com
191,Vendedor 191,900200300191,vendedor191@example.com
192,Vendedor 192,900200300192,vendedor192@example.com
193,Vendedor 193,900200300193,vendedor193@example.com
194,Vendedor 194,900200300194,vendedor194@example.com
195,Vendedor 195,900200300195,vendedor195@example.com
196,Vendedor 196,900200300196,vendedor196@example.com
197,Vendedor 197,900200300197,vendedor197@example.com
198,Vendedor 198,900200300198,vendedor198@example.com
199,Vendedor 199,900200300199,vendedor199@example.com
200,Vendedor 200,900200300200,vendedor200@example.com
